{"parameters/linear.weight": {"_type": "histogram", "values": [1.0, 0.0, 0.0, 0.0, 0.0, 1.0, 1.0, 1.0, 1.0, 0.0, 1.0, 2.0, 1.0, 0.0, 0.0, 1.0, 0.0, 0.0, 0.0, 0.0, 0.0, 1.0, 0.0, 1.0, 1.0, 1.0, 0.0, 0.0, 1.0, 1.0, 0.0, 2.0, 0.0, 0.0, 1.0, 0.0, 1.0, 1.0, 2.0, 0.0, 0.0, 2.0, 1.0, 0.0, 1.0, 0.0, 1.0, 1.0, 0.0, 0.0, 0.0, 0.0, 0.0, 0.0, 0.0, 0.0, 0.0, 0.0, 0.0, 0.0, 0.0, 0.0, 0.0, 1.0], "bins": [-0.17052984237670898, -0.16329310834407806, -0.15605638921260834, -0.14881965517997742, -0.1415829360485077, -0.13434620201587677, -0.12710946798324585, -0.11987274885177612, -0.1126360222697258, -0.10539929568767548, -0.09816256910562515, -0.09092584252357483, -0.08368910849094391, -0.07645238935947418, -0.06921565532684326, -0.06197892874479294, -0.054742202162742615, -0.04750547558069229, -0.04026874899864197, -0.033032018691301346, -0.025795292109251022, -0.0185585655272007, -0.011321835219860077, -0.004085108637809753, 0.003151625394821167, 0.010388352908194065, 0.017625080421566963, 0.024861808866262436, 0.03209853544831276, 0.03933526203036308, 0.046571992337703705, 0.05380871891975403, 0.061045438051223755, 0.06828216463327408, 0.0755188912153244, 0.08275562524795532, 0.08999234437942505, 0.09722907841205597, 0.10446580499410629, 0.11170253157615662, 0.11893925070762634, 0.12617598474025726, 0.133412703871727, 0.1406494379043579, 0.14788615703582764, 0.15512289106845856, 0.16235962510108948, 0.1695963442325592, 0.17683307826519012, 0.18406981229782104, 0.19130653142929077, 0.1985432654619217, 0.20577998459339142, 0.21301671862602234, 0.22025343775749207, 0.22749017179012299, 0.2347269058227539, 0.24196363985538483, 0.24920035898685455, 0.2564370930194855, 0.2636738121509552, 0.2709105312824249, 0.27814728021621704, 0.28538399934768677, 0.2926207184791565]}, "_timestamp": 1662424566.6260836, "_runtime": 26.35330367088318, "parameters/linear.bias": {"_type": "histogram", "values": [0.0, 0.0, 0.0, 0.0, 0.0, 0.0, 0.0, 0.0, 0.0, 0.0, 0.0, 0.0, 0.0, 0.0, 0.0, 0.0, 0.0, 0.0, 0.0, 0.0, 0.0, 0.0, 0.0, 0.0, 0.0, 0.0, 0.0, 0.0, 0.0, 0.0, 0.0, 0.0, 1.0, 0.0, 0.0, 0.0, 0.0, 0.0, 0.0, 0.0, 0.0, 0.0, 0.0, 0.0, 0.0, 0.0, 0.0, 0.0, 0.0, 0.0, 0.0, 0.0, 0.0, 0.0, 0.0, 0.0, 0.0, 0.0, 0.0, 0.0, 0.0, 0.0, 0.0, 0.0], "bins": [0.16525617241859436, 0.16525617241859436, 0.16525617241859436, 0.16525617241859436, 0.16525617241859436, 0.16525617241859436, 0.16525617241859436, 0.16525617241859436, 0.16525617241859436, 0.16525617241859436, 0.16525617241859436, 0.16525617241859436, 0.16525617241859436, 0.16525617241859436, 0.16525617241859436, 0.16525617241859436, 0.16525617241859436, 0.16525617241859436, 0.16525617241859436, 0.16525617241859436, 0.16525617241859436, 0.16525617241859436, 0.16525617241859436, 0.16525617241859436, 0.16525617241859436, 0.16525617241859436, 0.16525617241859436, 0.16525617241859436, 0.16525617241859436, 0.16525617241859436, 0.16525617241859436, 0.16525617241859436, 0.16525617241859436, 0.16525617241859436, 0.16525617241859436, 0.16525617241859436, 0.16525617241859436, 0.16525617241859436, 0.16525617241859436, 0.16525617241859436, 0.16525617241859436, 0.16525617241859436, 0.16525617241859436, 0.16525617241859436, 0.16525617241859436, 0.16525617241859436, 0.16525617241859436, 0.16525617241859436, 0.16525617241859436, 0.16525617241859436, 0.16525617241859436, 0.16525617241859436, 0.16525617241859436, 0.16525617241859436, 0.16525617241859436, 0.16525617241859436, 0.16525617241859436, 0.16525617241859436, 0.16525617241859436, 0.16525617241859436, 0.16525617241859436, 0.16525617241859436, 0.16525617241859436, 0.16525617241859436, 0.16525617241859436]}, "gradients/linear.bias": {"_type": "histogram", "values": [0.0, 0.0, 0.0, 0.0, 0.0, 0.0, 0.0, 0.0, 0.0, 0.0, 0.0, 0.0, 0.0, 0.0, 0.0, 0.0, 0.0, 0.0, 0.0, 0.0, 0.0, 0.0, 0.0, 0.0, 0.0, 0.0, 0.0, 0.0, 0.0, 0.0, 0.0, 0.0, 1.0, 0.0, 0.0, 0.0, 0.0, 0.0, 0.0, 0.0, 0.0, 0.0, 0.0, 0.0, 0.0, 0.0, 0.0, 0.0, 0.0, 0.0, 0.0, 0.0, 0.0, 0.0, 0.0, 0.0, 0.0, 0.0, 0.0, 0.0, 0.0, 0.0, 0.0, 0.0], "bins": [0.0, 0.0, 0.0, 0.0, 0.0, 0.0, 0.0, 0.0, 0.0, 0.0, 0.0, 0.0, 0.0, 0.0, 0.0, 0.0, 0.0, 0.0, 0.0, 0.0, 0.0, 0.0, 0.0, 0.0, 0.0, 0.0, 0.0, 0.0, 0.0, 0.0, 0.0, 0.0, 0.0, 0.0, 0.0, 0.0, 0.0, 0.0, 0.0, 0.0, 0.0, 0.0, 0.0, 0.0, 0.0, 0.0, 0.0, 0.0, 0.0, 0.0, 0.0, 0.0, 0.0, 0.0, 0.0, 0.0, 0.0, 0.0, 0.0, 0.0, 0.0, 0.0, 0.0, 0.0, 0.0]}, "gradients/linear.weight": {"_type": "histogram", "values": [0.0, 0.0, 0.0, 0.0, 0.0, 0.0, 0.0, 0.0, 0.0, 0.0, 0.0, 0.0, 0.0, 0.0, 0.0, 0.0, 0.0, 0.0, 0.0, 0.0, 0.0, 0.0, 0.0, 0.0, 0.0, 0.0, 0.0, 0.0, 0.0, 0.0, 0.0, 0.0, 30.0, 0.0, 0.0, 0.0, 0.0, 0.0, 0.0, 0.0, 0.0, 0.0, 0.0, 0.0, 0.0, 0.0, 0.0, 0.0, 0.0, 0.0, 0.0, 0.0, 0.0, 0.0, 0.0, 0.0, 0.0, 0.0, 0.0, 0.0, 0.0, 0.0, 0.0, 0.0], "bins": [0.0, 0.0, 0.0, 0.0, 0.0, 0.0, 0.0, 0.0, 0.0, 0.0, 0.0, 0.0, 0.0, 0.0, 0.0, 0.0, 0.0, 0.0, 0.0, 0.0, 0.0, 0.0, 0.0, 0.0, 0.0, 0.0, 0.0, 0.0, 0.0, 0.0, 0.0, 0.0, 0.0, 0.0, 0.0, 0.0, 0.0, 0.0, 0.0, 0.0, 0.0, 0.0, 0.0, 0.0, 0.0, 0.0, 0.0, 0.0, 0.0, 0.0, 0.0, 0.0, 0.0, 0.0, 0.0, 0.0, 0.0, 0.0, 0.0, 0.0, 0.0, 0.0, 0.0, 0.0, 0.0]}, "train_accuracy": 0.6198830409356725, "_step": 2, "val_accuracy": 0.6754385964912281, "test_accuracy": 0.6017699115044248, "_wandb": {"runtime": 24}}